Area name,Area code,Area type,Reporting date,Daily change in deaths,Cumulative deaths
Wales,W92000004,Nation,2020-08-02,3,1565
Scotland,S92000003,Nation,2020-08-02,0,2491
Northern Ireland,N92000002,Nation,2020-08-02,0,556
United Kingdom,K02000001,UK,2020-08-02,8,46201
England,E92000001,Nation,2020-08-02,5,41589
Wales,W92000004,Nation,2020-08-01,2,1562
Scotland,S92000003,Nation,2020-08-01,0,2491
Northern Ireland,N92000002,Nation,2020-08-01,0,556
United Kingdom,K02000001,UK,2020-08-01,74,46193
England,E92000001,Nation,2020-08-01,72,41584
Wales,W92000004,Nation,2020-07-31,6,1560
Scotland,S92000003,Nation,2020-07-31,0,2491
Northern Ireland,N92000002,Nation,2020-07-31,0,556
United Kingdom,K02000001,UK,2020-07-31,120,46119
England,E92000001,Nation,2020-07-31,114,41512
Wales,W92000004,Nation,2020-07-30,0,1554
Scotland,S92000003,Nation,2020-07-30,0,2491
Northern Ireland,N92000002,Nation,2020-07-30,0,556
United Kingdom,K02000001,UK,2020-07-30,38,45999
England,E92000001,Nation,2020-07-30,38,41398
Wales,W92000004,Nation,2020-07-29,5,1554
Scotland,S92000003,Nation,2020-07-29,0,2491
Northern Ireland,N92000002,Nation,2020-07-29,0,556
United Kingdom,K02000001,UK,2020-07-29,83,45961
England,E92000001,Nation,2020-07-29,78,41360
Wales,W92000004,Nation,2020-07-28,0,1549
Scotland,S92000003,Nation,2020-07-28,0,2491
Northern Ireland,N92000002,Nation,2020-07-28,0,556
United Kingdom,K02000001,UK,2020-07-28,119,45878
England,E92000001,Nation,2020-07-28,119,41282
Wales,W92000004,Nation,2020-07-27,0,1549
Scotland,S92000003,Nation,2020-07-27,0,2491
Northern Ireland,N92000002,Nation,2020-07-27,0,556
United Kingdom,K02000001,UK,2020-07-27,7,45759
England,E92000001,Nation,2020-07-27,7,41163
Wales,W92000004,Nation,2020-07-26,1,1549
Scotland,S92000003,Nation,2020-07-26,0,2491
Northern Ireland,N92000002,Nation,2020-07-26,0,556
United Kingdom,K02000001,UK,2020-07-26,14,45752
England,E92000001,Nation,2020-07-26,13,41156
Wales,W92000004,Nation,2020-07-25,0,1548
Scotland,S92000003,Nation,2020-07-25,0,2491
Northern Ireland,N92000002,Nation,2020-07-25,0,556
United Kingdom,K02000001,UK,2020-07-25,61,45738
England,E92000001,Nation,2020-07-25,61,41143
Wales,W92000004,Nation,2020-07-24,0,1548
Scotland,S92000003,Nation,2020-07-24,0,2491
Northern Ireland,N92000002,Nation,2020-07-24,0,556
United Kingdom,K02000001,UK,2020-07-24,123,45677
England,E92000001,Nation,2020-07-24,123,41082
Wales,W92000004,Nation,2020-07-23,0,1548
Scotland,S92000003,Nation,2020-07-23,0,2491
Northern Ireland,N92000002,Nation,2020-07-23,0,556
United Kingdom,K02000001,UK,2020-07-23,53,45554
England,E92000001,Nation,2020-07-23,53,40959
Wales,W92000004,Nation,2020-07-22,1,1548
Scotland,S92000003,Nation,2020-07-22,0,2491
Northern Ireland,N92000002,Nation,2020-07-22,0,556
United Kingdom,K02000001,UK,2020-07-22,79,45501
England,E92000001,Nation,2020-07-22,78,40906
Wales,W92000004,Nation,2020-07-21,0,1547
Scotland,S92000003,Nation,2020-07-21,0,2491
Northern Ireland,N92000002,Nation,2020-07-21,0,556
United Kingdom,K02000001,UK,2020-07-21,110,45422
England,E92000001,Nation,2020-07-21,110,40828
Wales,W92000004,Nation,2020-07-20,0,1547
Scotland,S92000003,Nation,2020-07-20,0,2491
Northern Ireland,N92000002,Nation,2020-07-20,0,556
United Kingdom,K02000001,UK,2020-07-20,11,45312
England,E92000001,Nation,2020-07-20,11,40718
Wales,W92000004,Nation,2020-07-19,1,1547
Scotland,S92000003,Nation,2020-07-19,0,2491
Northern Ireland,N92000002,Nation,2020-07-19,0,556
United Kingdom,K02000001,UK,2020-07-19,28,45301
England,E92000001,Nation,2020-07-19,27,40707
Wales,W92000004,Nation,2020-07-18,0,1546
Scotland,S92000003,Nation,2020-07-18,0,2491
Northern Ireland,N92000002,Nation,2020-07-18,0,556
United Kingdom,K02000001,UK,2020-07-18,40,45273
England,E92000001,Nation,2020-07-18,40,40680
Wales,W92000004,Nation,2020-07-17,1,1546
Scotland,S92000003,Nation,2020-07-17,1,2491
Northern Ireland,N92000002,Nation,2020-07-17,0,556
United Kingdom,K02000001,UK,2020-07-17,114,45233
England,E92000001,Nation,2020-07-17,112,40640
Wales,W92000004,Nation,2020-07-16,0,1545
Scotland,S92000003,Nation,2020-07-16,0,2490
Northern Ireland,N92000002,Nation,2020-07-16,0,556
United Kingdom,K02000001,UK,2020-07-16,66,45119
England,E92000001,Nation,2020-07-16,66,40528
Wales,W92000004,Nation,2020-07-15,2,1545
Scotland,S92000003,Nation,2020-07-15,0,2490
Northern Ireland,N92000002,Nation,2020-07-15,0,556
United Kingdom,K02000001,UK,2020-07-15,85,45053
England,E92000001,Nation,2020-07-15,83,40462
Wales,W92000004,Nation,2020-07-14,2,1543
Scotland,S92000003,Nation,2020-07-14,0,2490
Northern Ireland,N92000002,Nation,2020-07-14,2,556
United Kingdom,K02000001,UK,2020-07-14,138,44968
England,E92000001,Nation,2020-07-14,134,40379
Wales,W92000004,Nation,2020-07-13,0,1541
Scotland,S92000003,Nation,2020-07-13,0,2490
Northern Ireland,N92000002,Nation,2020-07-13,10,554
United Kingdom,K02000001,UK,2020-07-13,11,44830
England,E92000001,Nation,2020-07-13,11,40245
Wales,W92000004,Nation,2020-07-12,0,1541
Scotland,S92000003,Nation,2020-07-12,0,2490
Northern Ireland,N92000002,Nation,2020-07-12,-10,544
United Kingdom,K02000001,UK,2020-07-12,21,44819
England,E92000001,Nation,2020-07-12,21,40234
Wales,W92000004,Nation,2020-07-11,1,1541
Scotland,S92000003,Nation,2020-07-11,0,2490
Northern Ireland,N92000002,Nation,2020-07-11,0,554
United Kingdom,K02000001,UK,2020-07-11,148,44798
England,E92000001,Nation,2020-07-11,147,40213
Wales,W92000004,Nation,2020-07-10,0,1540
Scotland,S92000003,Nation,2020-07-10,0,2490
Northern Ireland,N92000002,Nation,2020-07-10,0,554
United Kingdom,K02000001,UK,2020-07-10,48,44650
England,E92000001,Nation,2020-07-10,48,40066
Wales,W92000004,Nation,2020-07-09,2,1540
Scotland,S92000003,Nation,2020-07-09,1,2490
Northern Ireland,N92000002,Nation,2020-07-09,0,554
United Kingdom,K02000001,UK,2020-07-09,85,44602
England,E92000001,Nation,2020-07-09,82,40018
Wales,W92000004,Nation,2020-07-08,4,1538
Scotland,S92000003,Nation,2020-07-08,1,2489
Northern Ireland,N92000002,Nation,2020-07-08,0,554
United Kingdom,K02000001,UK,2020-07-08,126,44517
England,E92000001,Nation,2020-07-08,121,39936
Wales,W92000004,Nation,2020-07-07,3,1534
Scotland,S92000003,Nation,2020-07-07,0,2488
Northern Ireland,N92000002,Nation,2020-07-07,0,554
United Kingdom,K02000001,UK,2020-07-07,155,44391
England,E92000001,Nation,2020-07-07,152,39815
Wales,W92000004,Nation,2020-07-06,0,1531
Scotland,S92000003,Nation,2020-07-06,0,2488
Northern Ireland,N92000002,Nation,2020-07-06,0,554
United Kingdom,K02000001,UK,2020-07-06,16,44236
England,E92000001,Nation,2020-07-06,16,39663
Wales,W92000004,Nation,2020-07-05,1,1531
Scotland,S92000003,Nation,2020-07-05,0,2488
Northern Ireland,N92000002,Nation,2020-07-05,0,554
United Kingdom,K02000001,UK,2020-07-05,22,44220
England,E92000001,Nation,2020-07-05,21,39647
Wales,W92000004,Nation,2020-07-04,5,1530
Scotland,S92000003,Nation,2020-07-04,1,2488
Northern Ireland,N92000002,Nation,2020-07-04,2,554
United Kingdom,K02000001,UK,2020-07-04,67,44198
England,E92000001,Nation,2020-07-04,59,39626
Wales,W92000004,Nation,2020-07-03,1,1525
Scotland,S92000003,Nation,2020-07-03,1,2487
Northern Ireland,N92000002,Nation,2020-07-03,1,552
United Kingdom,K02000001,UK,2020-07-03,137,44131
England,E92000001,Nation,2020-07-03,133,39567
Wales,W92000004,Nation,2020-07-02,8,1524
Scotland,S92000003,Nation,2020-07-02,1,2486
Northern Ireland,N92000002,Nation,2020-07-02,0,551
United Kingdom,K02000001,UK,2020-07-02,89,43995
England,E92000001,Nation,2020-07-02,80,39434
Wales,W92000004,Nation,2020-07-01,6,1516
Scotland,S92000003,Nation,2020-07-01,3,2485
Northern Ireland,N92000002,Nation,2020-07-01,0,551
United Kingdom,K02000001,UK,2020-07-01,176,43906
England,E92000001,Nation,2020-07-01,167,39354
Wales,W92000004,Nation,2020-06-30,3,1510
Scotland,S92000003,Nation,2020-06-30,0,2482
Northern Ireland,N92000002,Nation,2020-06-30,1,551
United Kingdom,K02000001,UK,2020-06-30,155,43730
England,E92000001,Nation,2020-06-30,151,39187
Wales,W92000004,Nation,2020-06-29,3,1507
Scotland,S92000003,Nation,2020-06-29,0,2482
Northern Ireland,N92000002,Nation,2020-06-29,1,550
United Kingdom,K02000001,UK,2020-06-29,25,43575
England,E92000001,Nation,2020-06-29,21,39036
Wales,W92000004,Nation,2020-06-28,2,1504
Scotland,S92000003,Nation,2020-06-28,0,2482
Northern Ireland,N92000002,Nation,2020-06-28,1,549
United Kingdom,K02000001,UK,2020-06-28,36,43550
England,E92000001,Nation,2020-06-28,33,39015
Wales,W92000004,Nation,2020-06-27,5,1502
Scotland,S92000003,Nation,2020-06-27,0,2482
Northern Ireland,N92000002,Nation,2020-06-27,1,548
United Kingdom,K02000001,UK,2020-06-27,100,43514
England,E92000001,Nation,2020-06-27,94,38982
Wales,W92000004,Nation,2020-06-26,0,1497
Scotland,S92000003,Nation,2020-06-26,2,2482
Northern Ireland,N92000002,Nation,2020-06-26,0,547
United Kingdom,K02000001,UK,2020-06-26,186,43414
England,E92000001,Nation,2020-06-26,182,38888
Wales,W92000004,Nation,2020-06-25,6,1497
Scotland,S92000003,Nation,2020-06-25,4,2480
Northern Ireland,N92000002,Nation,2020-06-25,1,547
United Kingdom,K02000001,UK,2020-06-25,149,43230
England,E92000001,Nation,2020-06-25,138,38706
Wales,W92000004,Nation,2020-06-24,8,1491
Scotland,S92000003,Nation,2020-06-24,4,2476
Northern Ireland,N92000002,Nation,2020-06-24,1,546
United Kingdom,K02000001,UK,2020-06-24,154,43081
England,E92000001,Nation,2020-06-24,141,38568
Wales,W92000004,Nation,2020-06-23,5,1483
Scotland,S92000003,Nation,2020-06-23,0,2472
Northern Ireland,N92000002,Nation,2020-06-23,0,545
United Kingdom,K02000001,UK,2020-06-23,171,42927
England,E92000001,Nation,2020-06-23,166,38427
Wales,W92000004,Nation,2020-06-22,1,1478
Scotland,S92000003,Nation,2020-06-22,0,2472
Northern Ireland,N92000002,Nation,2020-06-22,0,545
United Kingdom,K02000001,UK,2020-06-22,15,42756
England,E92000001,Nation,2020-06-22,14,38261
Wales,W92000004,Nation,2020-06-21,1,1477
Scotland,S92000003,Nation,2020-06-21,2,2472
Northern Ireland,N92000002,Nation,2020-06-21,1,545
United Kingdom,K02000001,UK,2020-06-21,43,42741
England,E92000001,Nation,2020-06-21,39,38247
Wales,W92000004,Nation,2020-06-20,1,1476
Scotland,S92000003,Nation,2020-06-20,6,2470
Northern Ireland,N92000002,Nation,2020-06-20,1,544
United Kingdom,K02000001,UK,2020-06-20,130,42698
England,E92000001,Nation,2020-06-20,122,38208
Wales,W92000004,Nation,2020-06-19,4,1475
Scotland,S92000003,Nation,2020-06-19,2,2464
Northern Ireland,N92000002,Nation,2020-06-19,0,543
United Kingdom,K02000001,UK,2020-06-19,173,42568
England,E92000001,Nation,2020-06-19,167,38086
Wales,W92000004,Nation,2020-06-18,5,1471
Scotland,S92000003,Nation,2020-06-18,9,2462
Northern Ireland,N92000002,Nation,2020-06-18,1,543
United Kingdom,K02000001,UK,2020-06-18,137,42395
England,E92000001,Nation,2020-06-18,122,37919
Wales,W92000004,Nation,2020-06-17,10,1466
Scotland,S92000003,Nation,2020-06-17,5,2453
Northern Ireland,N92000002,Nation,2020-06-17,1,542
United Kingdom,K02000001,UK,2020-06-17,184,42258
England,E92000001,Nation,2020-06-17,168,37797
Wales,W92000004,Nation,2020-06-16,8,1456
Scotland,S92000003,Nation,2020-06-16,0,2448
Northern Ireland,N92000002,Nation,2020-06-16,0,541
United Kingdom,K02000001,UK,2020-06-16,236,42074
England,E92000001,Nation,2020-06-16,228,37629
Wales,W92000004,Nation,2020-06-15,4,1448
Scotland,S92000003,Nation,2020-06-15,1,2448
Northern Ireland,N92000002,Nation,2020-06-15,0,541
United Kingdom,K02000001,UK,2020-06-15,38,41838
England,E92000001,Nation,2020-06-15,33,37401
Wales,W92000004,Nation,2020-06-14,3,1444
Scotland,S92000003,Nation,2020-06-14,5,2447
Northern Ireland,N92000002,Nation,2020-06-14,2,541
United Kingdom,K02000001,UK,2020-06-14,36,41800
England,E92000001,Nation,2020-06-14,26,37368
Wales,W92000004,Nation,2020-06-13,6,1441
Scotland,S92000003,Nation,2020-06-13,3,2442
Northern Ireland,N92000002,Nation,2020-06-13,1,539
United Kingdom,K02000001,UK,2020-06-13,183,41764
England,E92000001,Nation,2020-06-13,173,37342
Wales,W92000004,Nation,2020-06-12,10,1435
Scotland,S92000003,Nation,2020-06-12,5,2439
Northern Ireland,N92000002,Nation,2020-06-12,1,538
United Kingdom,K02000001,UK,2020-06-12,204,41581
England,E92000001,Nation,2020-06-12,188,37169
Wales,W92000004,Nation,2020-06-11,6,1425
Scotland,S92000003,Nation,2020-06-11,12,2434
Northern Ireland,N92000002,Nation,2020-06-11,0,537
United Kingdom,K02000001,UK,2020-06-11,152,41377
England,E92000001,Nation,2020-06-11,134,36981
Wales,W92000004,Nation,2020-06-10,9,1419
Scotland,S92000003,Nation,2020-06-10,7,2422
Northern Ireland,N92000002,Nation,2020-06-10,0,537
United Kingdom,K02000001,UK,2020-06-10,250,41225
England,E92000001,Nation,2020-06-10,234,36847
Wales,W92000004,Nation,2020-06-09,9,1410
Scotland,S92000003,Nation,2020-06-09,0,2415
Northern Ireland,N92000002,Nation,2020-06-09,0,537
United Kingdom,K02000001,UK,2020-06-09,289,40975
England,E92000001,Nation,2020-06-09,280,36613
Wales,W92000004,Nation,2020-06-08,3,1401
Scotland,S92000003,Nation,2020-06-08,0,2415
Northern Ireland,N92000002,Nation,2020-06-08,0,537
United Kingdom,K02000001,UK,2020-06-08,55,40686
England,E92000001,Nation,2020-06-08,52,36333
Wales,W92000004,Nation,2020-06-07,5,1398
Scotland,S92000003,Nation,2020-06-07,6,2415
Northern Ireland,N92000002,Nation,2020-06-07,1,537
United Kingdom,K02000001,UK,2020-06-07,77,40631
England,E92000001,Nation,2020-06-07,65,36281
Wales,W92000004,Nation,2020-06-06,10,1393
Scotland,S92000003,Nation,2020-06-06,14,2409
Northern Ireland,N92000002,Nation,2020-06-06,1,536
United Kingdom,K02000001,UK,2020-06-06,207,40554
England,E92000001,Nation,2020-06-06,182,36216
Wales,W92000004,Nation,2020-06-05,4,1383
Scotland,S92000003,Nation,2020-06-05,9,2395
Northern Ireland,N92000002,Nation,2020-06-05,1,535
United Kingdom,K02000001,UK,2020-06-05,358,40347
England,E92000001,Nation,2020-06-05,344,36034
Wales,W92000004,Nation,2020-06-04,8,1379
Scotland,S92000003,Nation,2020-06-04,11,2386
Northern Ireland,N92000002,Nation,2020-06-04,8,534
United Kingdom,K02000001,UK,2020-06-04,177,39989
England,E92000001,Nation,2020-06-04,150,35690
Wales,W92000004,Nation,2020-06-03,17,1371
Scotland,S92000003,Nation,2020-06-03,12,2375
Northern Ireland,N92000002,Nation,2020-06-03,2,526
United Kingdom,K02000001,UK,2020-06-03,365,39812
England,E92000001,Nation,2020-06-03,334,35540
Wales,W92000004,Nation,2020-06-02,7,1354
Scotland,S92000003,Nation,2020-06-02,1,2363
Northern Ireland,N92000002,Nation,2020-06-02,1,524
United Kingdom,K02000001,UK,2020-06-02,326,39447
England,E92000001,Nation,2020-06-02,317,35206
Wales,W92000004,Nation,2020-06-01,5,1347
Scotland,S92000003,Nation,2020-06-01,9,2362
Northern Ireland,N92000002,Nation,2020-06-01,1,523
United Kingdom,K02000001,UK,2020-06-01,111,39121
England,E92000001,Nation,2020-06-01,96,34889
Wales,W92000004,Nation,2020-05-31,11,1342
Scotland,S92000003,Nation,2020-05-31,22,2353
Northern Ireland,N92000002,Nation,2020-05-31,1,522
United Kingdom,K02000001,UK,2020-05-31,115,39010
England,E92000001,Nation,2020-05-31,81,34793
Wales,W92000004,Nation,2020-05-30,14,1331
Scotland,S92000003,Nation,2020-05-30,15,2331
Northern Ireland,N92000002,Nation,2020-05-30,3,521
United Kingdom,K02000001,UK,2020-05-30,230,38895
England,E92000001,Nation,2020-05-30,198,34712
Wales,W92000004,Nation,2020-05-29,10,1317
Scotland,S92000003,Nation,2020-05-29,12,2316
Northern Ireland,N92000002,Nation,2020-05-29,2,518
United Kingdom,K02000001,UK,2020-05-29,373,38665
England,E92000001,Nation,2020-05-29,349,34514
Wales,W92000004,Nation,2020-05-28,14,1307
Scotland,S92000003,Nation,2020-05-28,13,2304
Northern Ireland,N92000002,Nation,2020-05-28,2,516
United Kingdom,K02000001,UK,2020-05-28,416,38292
England,E92000001,Nation,2020-05-28,387,34165
Wales,W92000004,Nation,2020-05-27,11,1293
Scotland,S92000003,Nation,2020-05-27,18,2291
Northern Ireland,N92000002,Nation,2020-05-27,0,514
United Kingdom,K02000001,UK,2020-05-27,443,37876
England,E92000001,Nation,2020-05-27,414,33778
Wales,W92000004,Nation,2020-05-26,8,1282
Scotland,S92000003,Nation,2020-05-26,3,2273
Northern Ireland,N92000002,Nation,2020-05-26,8,514
United Kingdom,K02000001,UK,2020-05-26,136,37433
England,E92000001,Nation,2020-05-26,117,33364
Wales,W92000004,Nation,2020-05-25,7,1274
Scotland,S92000003,Nation,2020-05-25,9,2270
Northern Ireland,N92000002,Nation,2020-05-25,1,506
United Kingdom,K02000001,UK,2020-05-25,122,37297
England,E92000001,Nation,2020-05-25,105,33247
Wales,W92000004,Nation,2020-05-24,7,1267
Scotland,S92000003,Nation,2020-05-24,16,2261
Northern Ireland,N92000002,Nation,2020-05-24,1,505
United Kingdom,K02000001,UK,2020-05-24,441,37175
England,E92000001,Nation,2020-05-24,417,33142
Wales,W92000004,Nation,2020-05-23,6,1260
Scotland,S92000003,Nation,2020-05-23,24,2245
Northern Ireland,N92000002,Nation,2020-05-23,3,504
United Kingdom,K02000001,UK,2020-05-23,283,36734
England,E92000001,Nation,2020-05-23,250,32725
Wales,W92000004,Nation,2020-05-22,7,1254
Scotland,S92000003,Nation,2020-05-22,37,2221
Northern Ireland,N92000002,Nation,2020-05-22,7,501
United Kingdom,K02000001,UK,2020-05-22,358,36451
England,E92000001,Nation,2020-05-22,307,32475
Wales,W92000004,Nation,2020-05-21,9,1247
Scotland,S92000003,Nation,2020-05-21,50,2184
Northern Ireland,N92000002,Nation,2020-05-21,5,494
United Kingdom,K02000001,UK,2020-05-21,338,36093
England,E92000001,Nation,2020-05-21,274,32168
Wales,W92000004,Nation,2020-05-20,14,1238
Scotland,S92000003,Nation,2020-05-20,29,2134
Northern Ireland,N92000002,Nation,2020-05-20,7,489
United Kingdom,K02000001,UK,2020-05-20,369,35755
England,E92000001,Nation,2020-05-20,319,31894
Wales,W92000004,Nation,2020-05-19,17,1224
Scotland,S92000003,Nation,2020-05-19,2,2105
Northern Ireland,N92000002,Nation,2020-05-19,6,482
United Kingdom,K02000001,UK,2020-05-19,548,35386
England,E92000001,Nation,2020-05-19,523,31575
Wales,W92000004,Nation,2020-05-18,4,1207
Scotland,S92000003,Nation,2020-05-18,9,2103
Northern Ireland,N92000002,Nation,2020-05-18,3,476
United Kingdom,K02000001,UK,2020-05-18,160,34838
England,E92000001,Nation,2020-05-18,144,31052
Wales,W92000004,Nation,2020-05-17,12,1203
Scotland,S92000003,Nation,2020-05-17,41,2094
Northern Ireland,N92000002,Nation,2020-05-17,4,473
United Kingdom,K02000001,UK,2020-05-17,170,34678
England,E92000001,Nation,2020-05-17,113,30908
Wales,W92000004,Nation,2020-05-16,18,1191
Scotland,S92000003,Nation,2020-05-16,46,2053
Northern Ireland,N92000002,Nation,2020-05-16,15,469
United Kingdom,K02000001,UK,2020-05-16,480,34508
England,E92000001,Nation,2020-05-16,401,30795
Wales,W92000004,Nation,2020-05-15,9,1173
Scotland,S92000003,Nation,2020-05-15,34,2007
Northern Ireland,N92000002,Nation,2020-05-15,5,454
United Kingdom,K02000001,UK,2020-05-15,384,34028
England,E92000001,Nation,2020-05-15,336,30394
Wales,W92000004,Nation,2020-05-14,10,1164
Scotland,S92000003,Nation,2020-05-14,61,1973
Northern Ireland,N92000002,Nation,2020-05-14,2,449
United Kingdom,K02000001,UK,2020-05-14,428,33644
England,E92000001,Nation,2020-05-14,355,30058
Wales,W92000004,Nation,2020-05-13,22,1154
Scotland,S92000003,Nation,2020-05-13,50,1912
Northern Ireland,N92000002,Nation,2020-05-13,9,447
United Kingdom,K02000001,UK,2020-05-13,496,33216
England,E92000001,Nation,2020-05-13,415,29703
Wales,W92000004,Nation,2020-05-12,16,1132
Scotland,S92000003,Nation,2020-05-12,5,1862
Northern Ireland,N92000002,Nation,2020-05-12,3,438
United Kingdom,K02000001,UK,2020-05-12,630,32720
England,E92000001,Nation,2020-05-12,606,29288
Wales,W92000004,Nation,2020-05-11,5,1116
Scotland,S92000003,Nation,2020-05-11,10,1857
Northern Ireland,N92000002,Nation,2020-05-11,5,435
United Kingdom,K02000001,UK,2020-05-11,211,32090
England,E92000001,Nation,2020-05-11,191,28682
Wales,W92000004,Nation,2020-05-10,12,1111
Scotland,S92000003,Nation,2020-05-10,36,1847
Northern Ireland,N92000002,Nation,2020-05-10,4,430
United Kingdom,K02000001,UK,2020-05-10,269,31879
England,E92000001,Nation,2020-05-10,217,28491
Wales,W92000004,Nation,2020-05-09,9,1099
Scotland,S92000003,Nation,2020-05-09,49,1811
Northern Ireland,N92000002,Nation,2020-05-09,4,426
United Kingdom,K02000001,UK,2020-05-09,345,31610
England,E92000001,Nation,2020-05-09,283,28274
Wales,W92000004,Nation,2020-05-08,28,1090
Scotland,S92000003,Nation,2020-05-08,59,1762
Northern Ireland,N92000002,Nation,2020-05-08,4,422
United Kingdom,K02000001,UK,2020-05-08,627,31265
England,E92000001,Nation,2020-05-08,536,27991
Wales,W92000004,Nation,2020-05-07,18,1062
Scotland,S92000003,Nation,2020-05-07,83,1703
Northern Ireland,N92000002,Nation,2020-05-07,14,418
United Kingdom,K02000001,UK,2020-05-07,540,30638
England,E92000001,Nation,2020-05-07,425,27455
Wales,W92000004,Nation,2020-05-06,21,1044
Scotland,S92000003,Nation,2020-05-06,44,1620
Northern Ireland,N92000002,Nation,2020-05-06,17,404
United Kingdom,K02000001,UK,2020-05-06,652,30098
England,E92000001,Nation,2020-05-06,570,27030
Wales,W92000004,Nation,2020-05-05,26,1023
Scotland,S92000003,Nation,2020-05-05,5,1576
Northern Ireland,N92000002,Nation,2020-05-05,6,387
United Kingdom,K02000001,UK,2020-05-05,694,29446
England,E92000001,Nation,2020-05-05,657,26460
Wales,W92000004,Nation,2020-05-04,14,997
Scotland,S92000003,Nation,2020-05-04,12,1571
Northern Ireland,N92000002,Nation,2020-05-04,5,381
United Kingdom,K02000001,UK,2020-05-04,288,28752
England,E92000001,Nation,2020-05-04,257,25803
Wales,W92000004,Nation,2020-05-03,14,983
Scotland,S92000003,Nation,2020-05-03,44,1559
Northern Ireland,N92000002,Nation,2020-05-03,11,376
United Kingdom,K02000001,UK,2020-05-03,315,28464
England,E92000001,Nation,2020-05-03,246,25546
Wales,W92000004,Nation,2020-05-02,44,969
Scotland,S92000003,Nation,2020-05-02,40,1515
Northern Ireland,N92000002,Nation,2020-05-02,18,365
United Kingdom,K02000001,UK,2020-05-02,621,28149
England,E92000001,Nation,2020-05-02,519,25300
Wales,W92000004,Nation,2020-05-01,17,925
Scotland,S92000003,Nation,2020-05-01,60,1475
Northern Ireland,N92000002,Nation,2020-05-01,9,347
United Kingdom,K02000001,UK,2020-05-01,740,27528
England,E92000001,Nation,2020-05-01,654,24781
Wales,W92000004,Nation,2020-04-30,22,908
Scotland,S92000003,Nation,2020-04-30,83,1415
Northern Ireland,N92000002,Nation,2020-04-30,9,338
United Kingdom,K02000001,UK,2020-04-30,674,26788
England,E92000001,Nation,2020-04-30,560,24127
Wales,W92000004,Nation,2020-04-29,73,886
Scotland,S92000003,Nation,2020-04-29,70,1332
Northern Ireland,N92000002,Nation,2020-04-29,20,329
United Kingdom,K02000001,UK,2020-04-29,795,26114
England,E92000001,Nation,2020-04-29,632,23567
Wales,W92000004,Nation,2020-04-28,17,813
Scotland,S92000003,Nation,2020-04-28,13,1262
Northern Ireland,N92000002,Nation,2020-04-28,10,309
United Kingdom,K02000001,UK,2020-04-28,911,25319
England,E92000001,Nation,2020-04-28,871,22935
Wales,W92000004,Nation,2020-04-27,8,796
Scotland,S92000003,Nation,2020-04-27,18,1249
Northern Ireland,N92000002,Nation,2020-04-27,5,299
United Kingdom,K02000001,UK,2020-04-27,338,24408
England,E92000001,Nation,2020-04-27,307,22064
Wales,W92000004,Nation,2020-04-26,14,788
Scotland,S92000003,Nation,2020-04-26,47,1231
Northern Ireland,N92000002,Nation,2020-04-26,16,294
United Kingdom,K02000001,UK,2020-04-26,420,24070
England,E92000001,Nation,2020-04-26,343,21757
Wales,W92000004,Nation,2020-04-25,23,774
Scotland,S92000003,Nation,2020-04-25,64,1184
Northern Ireland,N92000002,Nation,2020-04-25,15,278
United Kingdom,K02000001,UK,2020-04-25,843,23650
England,E92000001,Nation,2020-04-25,741,21414
Wales,W92000004,Nation,2020-04-24,110,751
Scotland,S92000003,Nation,2020-04-24,58,1120
Northern Ireland,N92000002,Nation,2020-04-24,13,263
United Kingdom,K02000001,UK,2020-04-24,1006,22807
England,E92000001,Nation,2020-04-24,825,20673
Wales,W92000004,Nation,2020-04-23,17,641
Scotland,S92000003,Nation,2020-04-23,77,1062
Northern Ireland,N92000002,Nation,2020-04-23,30,250
United Kingdom,K02000001,UK,2020-04-23,727,21801
England,E92000001,Nation,2020-04-23,603,19848
Wales,W92000004,Nation,2020-04-22,15,624
Scotland,S92000003,Nation,2020-04-22,70,985
Northern Ireland,N92000002,Nation,2020-04-22,13,220
United Kingdom,K02000001,UK,2020-04-22,837,21074
England,E92000001,Nation,2020-04-22,739,19245
Wales,W92000004,Nation,2020-04-21,25,609
Scotland,S92000003,Nation,2020-04-21,12,915
Northern Ireland,N92000002,Nation,2020-04-21,13,207
United Kingdom,K02000001,UK,2020-04-21,1173,20237
England,E92000001,Nation,2020-04-21,1123,18506
Wales,W92000004,Nation,2020-04-20,9,584
Scotland,S92000003,Nation,2020-04-20,10,903
Northern Ireland,N92000002,Nation,2020-04-20,1,194
United Kingdom,K02000001,UK,2020-04-20,559,19064
England,E92000001,Nation,2020-04-20,539,17383
Wales,W92000004,Nation,2020-04-19,41,575
Scotland,S92000003,Nation,2020-04-19,56,893
Northern Ireland,N92000002,Nation,2020-04-19,17,193
United Kingdom,K02000001,UK,2020-04-19,498,18505
England,E92000001,Nation,2020-04-19,384,16844
Wales,W92000004,Nation,2020-04-18,28,534
Scotland,S92000003,Nation,2020-04-18,58,837
Northern Ireland,N92000002,Nation,2020-04-18,18,176
United Kingdom,K02000001,UK,2020-04-18,1115,18007
England,E92000001,Nation,2020-04-18,1011,16460
Wales,W92000004,Nation,2020-04-17,11,506
Scotland,S92000003,Nation,2020-04-17,80,779
Northern Ireland,N92000002,Nation,2020-04-17,18,158
United Kingdom,K02000001,UK,2020-04-17,936,16892
England,E92000001,Nation,2020-04-17,827,15449
Wales,W92000004,Nation,2020-04-16,32,495
Scotland,S92000003,Nation,2020-04-16,84,699
Northern Ireland,N92000002,Nation,2020-04-16,6,140
United Kingdom,K02000001,UK,2020-04-16,1029,15956
England,E92000001,Nation,2020-04-16,907,14622
Wales,W92000004,Nation,2020-04-15,60,463
Scotland,S92000003,Nation,2020-04-15,40,615
Northern Ireland,N92000002,Nation,2020-04-15,10,134
United Kingdom,K02000001,UK,2020-04-15,842,14927
England,E92000001,Nation,2020-04-15,732,13715
Wales,W92000004,Nation,2020-04-14,19,403
Scotland,S92000003,Nation,2020-04-14,9,575
Northern Ireland,N92000002,Nation,2020-04-14,6,124
United Kingdom,K02000001,UK,2020-04-14,1047,14085
England,E92000001,Nation,2020-04-14,1013,12983
Wales,W92000004,Nation,2020-04-13,15,384
Scotland,S92000003,Nation,2020-04-13,24,566
Northern Ireland,N92000002,Nation,2020-04-13,11,118
United Kingdom,K02000001,UK,2020-04-13,744,13038
England,E92000001,Nation,2020-04-13,694,11970
Wales,W92000004,Nation,2020-04-12,18,369
Scotland,S92000003,Nation,2020-04-12,47,542
Northern Ireland,N92000002,Nation,2020-04-12,15,107
United Kingdom,K02000001,UK,2020-04-12,686,12294
England,E92000001,Nation,2020-04-12,606,11276
Wales,W92000004,Nation,2020-04-11,36,351
Scotland,S92000003,Nation,2020-04-11,48,495
Northern Ireland,N92000002,Nation,2020-04-11,10,92
United Kingdom,K02000001,UK,2020-04-11,840,11608
England,E92000001,Nation,2020-04-11,746,10670
Wales,W92000004,Nation,2020-04-10,29,315
Scotland,S92000003,Nation,2020-04-10,81,447
Northern Ireland,N92000002,Nation,2020-04-10,4,82
United Kingdom,K02000001,UK,2020-04-10,1152,10768
England,E92000001,Nation,2020-04-10,1038,9924
Wales,W92000004,Nation,2020-04-09,41,286
Scotland,S92000003,Nation,2020-04-09,70,366
Northern Ireland,N92000002,Nation,2020-04-09,5,78
United Kingdom,K02000001,UK,2020-04-09,1110,9616
England,E92000001,Nation,2020-04-09,994,8886
Wales,W92000004,Nation,2020-04-08,33,245
Scotland,S92000003,Nation,2020-04-08,74,296
Northern Ireland,N92000002,Nation,2020-04-08,3,73
United Kingdom,K02000001,UK,2020-04-08,1034,8506
England,E92000001,Nation,2020-04-08,924,7892
Wales,W92000004,Nation,2020-04-07,19,212
Scotland,S92000003,Nation,2020-04-07,2,222
Northern Ireland,N92000002,Nation,2020-04-07,7,70
United Kingdom,K02000001,UK,2020-04-07,1038,7472
England,E92000001,Nation,2020-04-07,1010,6968
Wales,W92000004,Nation,2020-04-06,27,193
Scotland,S92000003,Nation,2020-04-06,2,220
Northern Ireland,N92000002,Nation,2020-04-06,7,63
United Kingdom,K02000001,UK,2020-04-06,568,6434
England,E92000001,Nation,2020-04-06,532,5958
Wales,W92000004,Nation,2020-04-05,12,166
Scotland,S92000003,Nation,2020-04-05,46,218
Northern Ireland,N92000002,Nation,2020-04-05,8,56
United Kingdom,K02000001,UK,2020-04-05,644,5866
England,E92000001,Nation,2020-04-05,578,5426
Wales,W92000004,Nation,2020-04-04,13,154
Scotland,S92000003,Nation,2020-04-04,46,172
Northern Ireland,N92000002,Nation,2020-04-04,12,48
United Kingdom,K02000001,UK,2020-04-04,760,5222
England,E92000001,Nation,2020-04-04,689,4848
Wales,W92000004,Nation,2020-04-03,24,141
Scotland,S92000003,Nation,2020-04-03,29,126
Northern Ireland,N92000002,Nation,2020-04-03,6,36
United Kingdom,K02000001,UK,2020-04-03,714,4462
England,E92000001,Nation,2020-04-03,655,4159
Wales,W92000004,Nation,2020-04-02,19,117
Scotland,S92000003,Nation,2020-04-02,28,97
Northern Ireland,N92000002,Nation,2020-04-02,2,30
United Kingdom,K02000001,UK,2020-04-02,652,3748
England,E92000001,Nation,2020-04-02,603,3504
Wales,W92000004,Nation,2020-04-01,29,98
Scotland,S92000003,Nation,2020-04-01,22,69
Northern Ireland,N92000002,Nation,2020-04-01,6,28
United Kingdom,K02000001,UK,2020-04-01,670,3096
England,E92000001,Nation,2020-04-01,613,2901
Wales,W92000004,Nation,2020-03-31,7,69
Scotland,S92000003,Nation,2020-03-31,6,47
Northern Ireland,N92000002,Nation,2020-03-31,1,22
United Kingdom,K02000001,UK,2020-03-31,382,2426
England,E92000001,Nation,2020-03-31,368,2288
Wales,W92000004,Nation,2020-03-30,14,62
Scotland,S92000003,Nation,2020-03-30,1,41
Northern Ireland,N92000002,Nation,2020-03-30,6,21
United Kingdom,K02000001,UK,2020-03-30,374,2044
England,E92000001,Nation,2020-03-30,353,1920
Wales,W92000004,Nation,2020-03-29,10,48
Scotland,S92000003,Nation,2020-03-29,7,40
Northern Ireland,N92000002,Nation,2020-03-29,2,15
United Kingdom,K02000001,UK,2020-03-29,214,1670
England,E92000001,Nation,2020-03-29,195,1567
Wales,W92000004,Nation,2020-03-28,4,38
Scotland,S92000003,Nation,2020-03-28,8,33
Northern Ireland,N92000002,Nation,2020-03-28,3,13
United Kingdom,K02000001,UK,2020-03-28,294,1456
England,E92000001,Nation,2020-03-28,279,1372
Wales,W92000004,Nation,2020-03-27,6,34
Scotland,S92000003,Nation,2020-03-27,3,25
Northern Ireland,N92000002,Nation,2020-03-27,3,10
United Kingdom,K02000001,UK,2020-03-27,284,1162
England,E92000001,Nation,2020-03-27,272,1093
Wales,W92000004,Nation,2020-03-26,6,28
Scotland,S92000003,Nation,2020-03-26,6,22
Northern Ireland,N92000002,Nation,2020-03-26,2,7
United Kingdom,K02000001,UK,2020-03-26,183,878
England,E92000001,Nation,2020-03-26,169,821
Wales,W92000004,Nation,2020-03-25,5,22
Scotland,S92000003,Nation,2020-03-25,2,16
Northern Ireland,N92000002,Nation,2020-03-25,2,5
United Kingdom,K02000001,UK,2020-03-25,187,695
England,E92000001,Nation,2020-03-25,178,652
Wales,W92000004,Nation,2020-03-24,1,17
Scotland,S92000003,Nation,2020-03-24,4,14
Northern Ireland,N92000002,Nation,2020-03-24,1,3
United Kingdom,K02000001,UK,2020-03-24,149,508
England,E92000001,Nation,2020-03-24,143,474
Wales,W92000004,Nation,2020-03-23,4,16
Scotland,S92000003,Nation,2020-03-23,3,10
Northern Ireland,N92000002,Nation,2020-03-23,0,2
United Kingdom,K02000001,UK,2020-03-23,74,359
England,E92000001,Nation,2020-03-23,67,331
Wales,W92000004,Nation,2020-03-22,9,12
Scotland,S92000003,Nation,2020-03-22,1,7
Northern Ireland,N92000002,Nation,2020-03-22,1,2
United Kingdom,K02000001,UK,2020-03-22,35,285
England,E92000001,Nation,2020-03-22,24,264
Wales,W92000004,Nation,2020-03-21,2,3
Scotland,S92000003,Nation,2020-03-21,0,6
Northern Ireland,N92000002,Nation,2020-03-21,0,1
United Kingdom,K02000001,UK,2020-03-21,56,250
England,E92000001,Nation,2020-03-21,54,240
Wales,W92000004,Nation,2020-03-20,0,1
Scotland,S92000003,Nation,2020-03-20,3,6
Northern Ireland,N92000002,Nation,2020-03-20,,1
United Kingdom,K02000001,UK,2020-03-20,36,194
England,E92000001,Nation,2020-03-20,32,186
Wales,W92000004,Nation,2020-03-19,0,1
Scotland,S92000003,Nation,2020-03-19,1,3
United Kingdom,K02000001,UK,2020-03-19,43,158
England,E92000001,Nation,2020-03-19,42,154
Wales,W92000004,Nation,2020-03-18,0,1
Scotland,S92000003,Nation,2020-03-18,1,2
United Kingdom,K02000001,UK,2020-03-18,34,115
England,E92000001,Nation,2020-03-18,33,112
Wales,W92000004,Nation,2020-03-17,,1
Scotland,S92000003,Nation,2020-03-17,0,1
United Kingdom,K02000001,UK,2020-03-17,16,81
England,E92000001,Nation,2020-03-17,15,79
Scotland,S92000003,Nation,2020-03-16,0,1
United Kingdom,K02000001,UK,2020-03-16,22,65
England,E92000001,Nation,2020-03-16,22,64
Scotland,S92000003,Nation,2020-03-15,,1
United Kingdom,K02000001,UK,2020-03-15,15,43
England,E92000001,Nation,2020-03-15,14,42
United Kingdom,K02000001,UK,2020-03-14,18,28
England,E92000001,Nation,2020-03-14,18,28
United Kingdom,K02000001,UK,2020-03-13,1,10
England,E92000001,Nation,2020-03-13,1,10
United Kingdom,K02000001,UK,2020-03-12,2,9
England,E92000001,Nation,2020-03-12,2,9
United Kingdom,K02000001,UK,2020-03-11,0,7
England,E92000001,Nation,2020-03-11,0,7
United Kingdom,K02000001,UK,2020-03-10,4,7
England,E92000001,Nation,2020-03-10,4,7
United Kingdom,K02000001,UK,2020-03-09,1,3
England,E92000001,Nation,2020-03-09,1,3
United Kingdom,K02000001,UK,2020-03-08,0,2
England,E92000001,Nation,2020-03-08,0,2
United Kingdom,K02000001,UK,2020-03-07,1,2
England,E92000001,Nation,2020-03-07,1,2
United Kingdom,K02000001,UK,2020-03-06,1,1
England,E92000001,Nation,2020-03-06,,1
